nombre,contraseña
Ana,contraseña1
Juan,contraseña2
María,contraseña3
Carlos,contraseña4
Laura,contraseña5
Pedro,contraseña6
Lucía,contraseña7
Javier,contraseña8
Sofía,contraseña9
Diego,contraseña10
Carolina,contraseña11
Pablo,contraseña12
Marta,contraseña13
Luis,contraseña14
Carmen,contraseña15
Fernando,contraseña16
Isabel,contraseña17
Manuel,contraseña18
Elena,contraseña19
Ricardo,contraseña20
Silvia,contraseña21
Oscar,contraseña22
Ana María,contraseña23
Gabriel,contraseña24
Marcela,contraseña25
Ramiro,contraseña26
Verónica,contraseña27
Lorena,contraseña28
Sebastián,contraseña29
Natalia,contraseña30